[
  {
    "id": 1,
    "name": "Handmade Mug",
    "description": "A beautiful ceramic mug, perfect for coffee or tea.",
    "price": 12.99,
    "image": "images/mug.jpg"
  },
  {
    "id": 2,
    "name": "Organic Honey",
    "description": "Locally sourced organic honey, 500g jar.",
    "price": 8.5,
    "image": "images/honey.jpg"
  },
  {
    "id": 3,
    "name": "Artisan Bread",
    "description": "Freshly baked artisan bread, crusty and delicious.",
    "price": 4.75,
    "image": "images/bread.jpg"
  },
  {
    "id": 4,
    "name": "Fresh Apples",
    "description": "Crisp, juicy apples from local orchards. 1kg pack.",
    "price": 3.99,
    "image": "images/apples.jpg"
  },
  {
    "id": 5,
    "name": "Cheddar Cheese",
    "description": "Aged cheddar cheese, 250g block.",
    "price": 5.49,
    "image": "images/cheese.jpg"
  },
  {
    "id": 6,
    "name": "Free-range Eggs",
    "description": "A dozen free-range eggs from local farms.",
    "price": 4.20,
    "image": "images/eggs.jpg"
  },
  {
    "id": 7,
    "name": "Organic Tomatoes",
    "description": "Fresh organic tomatoes, 500g pack.",
    "price": 2.99,
    "image": "images/tomatoes.jpg"
  },
  {
    "id": 8,
    "name": "Whole Wheat Pasta",
    "description": "Healthy whole wheat pasta, 500g pack.",
    "price": 2.50,
    "image": "images/pasta.jpg"
  },
  {
    "id": 9,
    "name": "Greek Yogurt",
    "description": "Creamy Greek yogurt, 400g tub.",
    "price": 3.75,
    "image": "images/yogurt.jpg"
  },
  {
    "id": 10,
    "name": "Granola Bars",
    "description": "Pack of 6 homemade granola bars.",
    "price": 4.99,
    "image": "images/granola.jpg"
  }
]
